"family","extensions","priority","required_capabilities","boundary","provider","provider_version","fixture_ids","status","evidence","media_sample_status"
"JPEG","jpg;jpeg;jpe","P1_MUST","probe;thumbnail;fit;full","EXIF八方向、ICC、CMYK真实夹具","NetVips / libvips","3.2.0 / 8.18.6","","NOT_RUN","artifacts/m0/formats/formats-static-result.json;implementation/P1_GAPS.md","NOT_RUN"
"PNG","png","P1_MUST","probe;thumbnail;fit;full","8/16位、alpha；动画内容分到APNG","NetVips / libvips","3.2.0 / 8.18.6","","NOT_RUN","artifacts/m0/formats/formats-static-result.json;implementation/P1_GAPS.md","NOT_RUN"
"GIF","gif","P1_MUST","probe;thumbnail;fit;full;animation","静态和动画disposal/loop","NetVips / libvips","3.2.0 / 8.18.6","","NOT_RUN","artifacts/tests/consolidation-staged-animation.trx;implementation/P1_GAPS.md","NOT_RUN"
"WebP","webp","P1_MUST","probe;thumbnail;fit;full;animation","静态及动画blend/disposal","NetVips / libvips","3.2.0 / 8.18.6","","NOT_RUN","artifacts/tests/consolidation-staged-animation.trx;implementation/P1_GAPS.md","NOT_RUN"
"APNG","apng;png","P1_MUST","probe;thumbnail;fit;full;animation","按实际内容识别，不只扩展名","libvips probe / FFmpeg animation","8.18.6 / 8.0.1","","NOT_RUN","artifacts/tests/consolidation-staged-animation.trx;implementation/P1_GAPS.md","NOT_RUN"
"BMP","bmp","P1_MUST","probe;thumbnail;fit;full","常用非压缩/调色板变体","Magick.NET","14.17.1","","NOT_RUN","artifacts/m0/formats/formats-static-result.json;implementation/P1_GAPS.md","NOT_RUN"
"TIFF","tif;tiff","P1_MUST","probe;thumbnail;fit;full;pages","8/16位、常用压缩、多页与动画分开","NetVips / libvips","3.2.0 / 8.18.6","","NOT_RUN","artifacts/m0/formats/formats-static-result.json;implementation/P1_GAPS.md","NOT_RUN"
"ICO","ico","P1_MUST","probe;thumbnail;fit;full","优选最大合适图标帧；不宣称全光标格式","Magick.NET","14.17.1","","NOT_RUN","artifacts/m0/formats/formats-static-result.json;implementation/P1_GAPS.md","NOT_RUN"
"HEIC/HEIF","heic;heif","P1_MUST","probe;thumbnail;fit;full","常见单张SDR；不依赖商店安装","Magick.NET","14.17.1","","NOT_RUN","artifacts/m0/formats/formats-static-result.json;implementation/P1_GAPS.md","NOT_RUN"
"AVIF","avif","P1_MUST","probe;thumbnail;fit;full","一期强制静态SDR，不承诺动画/HDR","NetVips / libvips","3.2.0 / 8.18.6","","NOT_RUN","artifacts/m0/formats/formats-static-result.json;implementation/P1_GAPS.md","NOT_RUN"
"JPEG XL","jxl","P1_MUST","probe;thumbnail;fit;full","一期强制静态SDR；实际发行codec","Magick.NET","14.17.1","","NOT_RUN","artifacts/m0/formats/formats-static-result.json;implementation/P1_GAPS.md","NOT_RUN"
"Sony ARW","arw","P1_MUST","probe;thumbnail;fit;rawDevelop;full","强制Sony A7R IV A真实样本","LibRaw / RawBridge","0.22.2 / ABI 1","sony-a7r4a-14bit","NOT_RUN","artifacts/m0/raw/raw-result.json;artifacts/m0/properties/sony-a7r4a-details.json;implementation/P1_GAPS.md","NOT_RUN"
"DNG","dng","P1_MUST","probe;thumbnail;fit;rawDevelop;full","每家实际样本；不承诺所有相机","LibRaw / RawBridge","0.22.2 / ABI 1","rawpixls-830","NOT_RUN","artifacts/m0/raw-family/complete-paths/rawpixls-830.json;implementation/RAW_FAMILY_EVIDENCE.md","PASS"
"Canon CR2","cr2","P1_MUST","probe;thumbnail;fit;rawDevelop;full","记录相机/压缩变体","LibRaw / RawBridge","0.22.2 / ABI 1","rawpixls-1294","NOT_RUN","artifacts/m0/raw-family/complete-paths/rawpixls-1294.json;implementation/RAW_FAMILY_EVIDENCE.md","PASS"
"Canon CR3","cr3","P1_MUST","probe;thumbnail;fit;rawDevelop;full","记录相机/压缩变体","LibRaw / RawBridge","0.22.2 / ABI 1","rawpixls-4672","NOT_RUN","artifacts/m0/raw-family/complete-paths/rawpixls-4672.json;implementation/RAW_FAMILY_EVIDENCE.md","PASS"
"Nikon NEF","nef","P1_MUST","probe;thumbnail;fit;rawDevelop;full","记录相机/压缩变体","LibRaw / RawBridge","0.22.2 / ABI 1","rawpixls-898","NOT_RUN","artifacts/m0/raw-family/complete-paths/rawpixls-898.json;implementation/RAW_FAMILY_EVIDENCE.md","PASS"
"Fuji RAF","raf","P1_MUST","probe;thumbnail;fit;rawDevelop;full","记录相机/压缩变体","LibRaw / RawBridge","0.22.2 / ABI 1","rawpixls-1192","NOT_RUN","artifacts/m0/raw-family/complete-paths/rawpixls-1192.json;implementation/RAW_FAMILY_EVIDENCE.md","PASS"
"Panasonic RW2","rw2","P1_MUST","probe;thumbnail;fit;rawDevelop;full","记录相机/压缩变体","LibRaw / RawBridge","0.22.2 / ABI 1","rawpixls-1569","NOT_RUN","artifacts/m0/raw-family/complete-paths/rawpixls-1569.json;implementation/RAW_FAMILY_EVIDENCE.md","PASS"
"Olympus ORF","orf","P1_MUST","probe;thumbnail;fit;rawDevelop;full","记录相机/压缩变体","LibRaw / RawBridge","0.22.2 / ABI 1","rawpixls-1787","NOT_RUN","artifacts/m0/raw-family/complete-paths/rawpixls-1787.json;implementation/RAW_FAMILY_EVIDENCE.md","PASS"
"Pentax PEF","pef","P1_MUST","probe;thumbnail;fit;rawDevelop;full","记录相机/压缩变体","LibRaw / RawBridge","0.22.2 / ABI 1","rawpixls-1075","NOT_RUN","artifacts/m0/raw-family/complete-paths/rawpixls-1075.json;implementation/RAW_FAMILY_EVIDENCE.md","PASS"
"Video common","mp4;mkv;mov;avi;webm;wmv;m4v","P1_MUST","probe;thumbnail;external;playlist","视频播放外部；逐容器/编码标报告","FFprobe / FFmpeg / external player","8.0.1","","NOT_RUN","artifacts/tests/media-metadata-query.trx;implementation/P1_GAPS.md","NOT_RUN"
"Audio native","mp3;wav;flac;aac;m4a","P1_MUST","probe;thumbnail;audioPreview;external","原生格式按实际编码夹具检查","FFprobe / Windows MediaPlayer / external","FFprobe 8.0.1; Windows runtime","","NOT_RUN","implementation/P1_GAPS.md","NOT_RUN"
"Audio fallback","ogg;opus","P1_MUST","probe;thumbnail;external","内置codec不可用时外部打开是规定路径","FFprobe / Windows MediaPlayer / external","FFprobe 8.0.1; Windows runtime","","NOT_RUN","implementation/P1_GAPS.md","NOT_RUN"
"Plain text","txt;log;csv;json;xml;source","P1_MUST","pagedText;search;copy","编码与实际文本判定，不执行代码","Content.Worker / BoundedTextReader","FolderLens 0.1.0","","NOT_RUN","artifacts/m5/remote-text/remote-text.trx;implementation/P1_GAPS.md","NOT_RUN"
"Markdown","md;markdown","P1_MUST","pagedText;search;safeRichPreview","阈值外完整原文，非无限富文本","Markdig / WebView2","1.3.2 / Fixed 153.0.4234.32","","NOT_RUN","artifacts/ui-faststone/webview-events.log;artifacts/m5/remote-text/remote-text.trx;implementation/P1_GAPS.md","NOT_RUN"
